"Thu Jan 29 21:16:12 GMT 2009";5.5;0.0

"Thu Jan 29 21:26:12 GMT 2009";5.5;0.0

"Thu Jan 29 21:36:12 GMT 2009";5.5;0.0

"Thu Jan 29 21:46:12 GMT 2009";5.5;0.0

"Thu Jan 29 21:56:12 GMT 2009";5.5;0.0

"Thu Jan 29 22:06:12 GMT 2009";5.5;0.0

"Thu Jan 29 22:16:12 GMT 2009";5.5;0.0

"Thu Jan 29 22:26:12 GMT 2009";5.5;0.0

"Thu Jan 29 22:36:12 GMT 2009";5.5;0.0

"Thu Jan 29 22:46:12 GMT 2009";5.5;0.0

"Thu Jan 29 22:56:12 GMT 2009";5.5;0.0

"Thu Jan 29 23:06:12 GMT 2009";5.5;0.0

"Thu Jan 29 23:16:12 GMT 2009";5.5;0.0

"Thu Jan 29 23:26:12 GMT 2009";5.5;0.0

"Thu Jan 29 23:36:12 GMT 2009";5.5;0.0

"Thu Jan 29 23:46:12 GMT 2009";5.5;0.0

"Thu Jan 29 23:56:12 GMT 2009";5.5;0.0

"Fri Jan 30 00:06:12 GMT 2009";5.5;0.0

"Fri Jan 30 00:16:12 GMT 2009";5.5;0.0

"Fri Jan 30 00:26:12 GMT 2009";5.665896132655147;0.0

"Fri Jan 30 00:36:12 GMT 2009";5.827194696777818;0.0

"Fri Jan 30 00:46:12 GMT 2009";6.1453216713167516;0.0

"Fri Jan 30 00:56:12 GMT 2009";6.445564499817058;0.0

"Fri Jan 30 01:06:12 GMT 2009";7.5490830553499375;0.0

"Fri Jan 30 01:16:12 GMT 2009";8.333453575959306;1.0494427843907306

"Fri Jan 30 01:26:12 GMT 2009";8.914228028622633;3.8972550485206536

"Fri Jan 30 01:36:12 GMT 2009";9.022820294180226;8.147308003867925

"Fri Jan 30 01:46:12 GMT 2009";8.709694596950904;13.467922848934366

"Fri Jan 30 01:56:12 GMT 2009";8.015803339593909;19.58254819855314

"Fri Jan 30 02:06:12 GMT 2009";6.975381829603139;26.261705653745416

"Fri Jan 30 02:16:12 GMT 2009";5.880688244583322;32.26659446588107

"Fri Jan 30 02:26:12 GMT 2009";4.946496207927135;36.693054757921615

"Fri Jan 30 02:36:12 GMT 2009";4.10056345273736;39.81094178922834

"Fri Jan 30 02:46:12 GMT 2009";3.2872517992570494;41.850175755628925

"Fri Jan 30 02:56:12 GMT 2009";2.466100529876666;43.00624411273901

"Fri Jan 30 03:06:12 GMT 2009";1.6103994982750454;43.44497672526273

"Fri Jan 30 03:16:12 GMT 2009";0.7057450418744331;43.306687420051816

"Fri Jan 30 03:26:12 GMT 2009";-0.2263590310637884;42.70976369306157

"Fri Jan 30 03:36:12 GMT 2009";-1.0647890875684531;41.75377596889823

"Fri Jan 30 03:46:12 GMT 2009";-1.9165955635958074;40.52216875383249

"Fri Jan 30 03:56:12 GMT 2009";-2.6510017310643477;39.08458809881731

"Fri Jan 30 04:06:12 GMT 2009";-3.267922279657589;37.49889285772111

"Fri Jan 30 04:16:12 GMT 2009";-3.170982775008609;35.812891164513374

"Fri Jan 30 04:26:12 GMT 2009";-3.0164595633727025;34.06583825349081

"Fri Jan 30 04:36:12 GMT 2009";-2.572431778529584;32.289727114118335

"Fri Jan 30 04:46:12 GMT 2009";-2.127599855913477;30.510399423653908

"Fri Jan 30 04:56:12 GMT 2009";-1.6871251659112962;28.748500663645185

"Fri Jan 30 05:06:12 GMT 2009";-1.2550750592149322;27.02030023685973

"Fri Jan 30 05:16:12 GMT 2009";-0.8345986758299446;25.33839470331978

"Fri Jan 30 05:26:12 GMT 2009";-0.428077474721654;23.712309898886616

"Fri Jan 30 05:36:12 GMT 2009";-0.03725391108988774;22.14901564435955

"Fri Jan 30 05:46:12 GMT 2009";0.33665876006903694;20.653364959723852

"Fri Jan 30 05:56:12 GMT 2009";0.692882966480532;19.228468134077872

"Fri Jan 30 06:06:12 GMT 2009";1.030997340487434;17.876010638050264

"Fri Jan 30 06:16:12 GMT 2009";1.350869330766364;16.596522676934544

"Fri Jan 30 06:26:12 GMT 2009";1.652598213194656;15.389607147221376

"Fri Jan 30 06:36:12 GMT 2009";1.9364670356650397;14.254131857339841

"Fri Jan 30 06:46:12 GMT 2009";2.2029022279243327;13.18839108830267

"Fri Jan 30 06:56:12 GMT 2009";2.452439778308605;12.19024088676558

"Fri Jan 30 07:06:12 GMT 2009";2.685697027800931;11.257211888796276

"Fri Jan 30 07:16:12 GMT 2009";2.903349260982648;10.386602956069408

"Fri Jan 30 07:26:12 GMT 2009";3.1061103856648478;9.575558457340609

"Fri Jan 30 07:36:12 GMT 2009";3.29471709043901;8.82113163824396

"Fri Jan 30 07:46:12 GMT 2009";3.4699159539696502;8.120336184121399

"Fri Jan 30 07:56:12 GMT 2009";3.632453053221841;7.470187787112636

"Fri Jan 30 08:06:12 GMT 2009";3.7830656814190364;6.867737274323854

"Fri Jan 30 08:16:12 GMT 2009";3.9224758416246868;6.310096633501252

"Fri Jan 30 08:26:12 GMT 2009";4.051385229537179;5.794459081851282

"Fri Jan 30 08:36:12 GMT 2009";4.170471460345114;5.3181141586195455

"Fri Jan 30 08:46:12 GMT 2009";4.28038533014813;4.878458679407478

"Fri Jan 30 08:56:12 GMT 2009";4.381748933241047;4.473004267035812

"Fri Jan 30 09:06:12 GMT 2009";4.475154483124867;4.099382067500532

"Fri Jan 30 09:16:12 GMT 2009";4.561163708004371;3.7553451679825156

"Fri Jan 30 09:26:12 GMT 2009";4.640307711245111;3.4387691550195565

"Fri Jan 30 09:36:12 GMT 2009";4.71308720421411;3.1476511831435605

"Fri Jan 30 09:46:12 GMT 2009";4.77997303348892;2.880107866044319

"Fri Jan 30 09:56:12 GMT 2009";4.84140693690805;2.6343722523678004

"Fri Jan 30 10:06:12 GMT 2009";4.897802473631946;2.408790105472216

"Fri Jan 30 10:16:12 GMT 2009";4.949546082530462;2.201815669878151

"Fri Jan 30 10:26:12 GMT 2009";4.996998231020559;2.0120070759177633

"Fri Jan 30 10:36:12 GMT 2009";5.040494623130807;1.8380215074767703

"Fri Jan 30 10:46:12 GMT 2009";5.080347441225657;1.6786102350973753

"Fri Jan 30 10:56:12 GMT 2009";5.1168466006209545;1.5326135975161814

"Fri Jan 30 11:06:12 GMT 2009";5.150261000382507;1.3989559984699729

"Fri Jan 30 11:16:12 GMT 2009";5.180839757025394;1.276640971898424

"Fri Jan 30 11:26:12 GMT 2009";5.208813410713185;1.1647463571472572

"Fri Jan 30 11:36:12 GMT 2009";5.234395095971211;1.0624196161151578

"Fri Jan 30 11:46:12 GMT 2009";5.257781670943774;0.968873316224903

"Fri Jan 30 11:56:12 GMT 2009";5.279154800899724;0.8833807964011009

"Fri Jan 30 12:06:12 GMT 2009";5.2986819930747995;0.805272027700803

"Fri Jan 30 12:16:12 GMT 2009";5.3165175810754075;0.7339296756983704

"Fri Jan 30 12:26:12 GMT 2009";5.332803657994841;0.6687853680206368

"Fri Jan 30 12:36:12 GMT 2009";5.3476709581410535;0.609316167435785

"Fri Jan 30 11:05:32 GMT 2009";5.5;0.0

"Fri Jan 30 11:15:32 GMT 2009";5.5;0.0

"Fri Jan 30 11:25:32 GMT 2009";5.5;0.0

"Fri Jan 30 11:35:32 GMT 2009";5.5;0.0

"Fri Jan 30 11:45:32 GMT 2009";5.5;0.0

"Fri Jan 30 11:55:32 GMT 2009";5.5;0.0

"Fri Jan 30 12:05:32 GMT 2009";5.5;0.0

"Fri Jan 30 12:15:32 GMT 2009";5.5;0.0

"Fri Jan 30 12:25:32 GMT 2009";5.5;0.0

"Fri Jan 30 12:35:32 GMT 2009";5.5;0.0

"Fri Jan 30 12:45:32 GMT 2009";5.5;0.0

"Fri Jan 30 12:55:32 GMT 2009";5.5;0.0

"Fri Jan 30 13:05:32 GMT 2009";5.5;0.0

"Fri Jan 30 13:15:32 GMT 2009";5.5;0.0

"Fri Jan 30 13:25:32 GMT 2009";5.5;0.0

"Fri Jan 30 13:35:32 GMT 2009";5.5;0.0

"Fri Jan 30 13:45:32 GMT 2009";5.5;0.0

"Fri Jan 30 13:55:32 GMT 2009";5.5;0.0

"Fri Jan 30 14:05:32 GMT 2009";5.5;0.0

"Fri Jan 30 14:15:32 GMT 2009";5.5;0.0

"Fri Jan 30 14:25:32 GMT 2009";5.5;0.0

"Fri Jan 30 14:35:32 GMT 2009";5.9976883981376465;0.0

"Fri Jan 30 14:45:32 GMT 2009";6.4815840903334525;0.0

"Fri Jan 30 14:55:32 GMT 2009";6.938276615812609;0.0

"Fri Jan 30 15:05:32 GMT 2009";8.184590072817699;0.0

"Fri Jan 30 15:15:32 GMT 2009";9.094143347340378;1.0494427843907306

"Fri Jan 30 15:25:32 GMT 2009";9.688632870961476;2.9316311059329134

"Fri Jan 30 15:35:32 GMT 2009";10.206386400048517;4.575190212642257

"Fri Jan 30 15:45:32 GMT 2009";11.105661408049777;6.034899839627454

"Fri Jan 30 15:55:32 GMT 2009";11.84048599976963;7.363751897661885

"Fri Jan 30 16:05:32 GMT 2009";12.369251618232438;8.609895068547265

"Fri Jan 30 16:15:32 GMT 2009";12.660928773703429;9.804296413982552

"Fri Jan 30 16:25:32 GMT 2009";12.695335577629745;10.962248781666172

"Fri Jan 30 16:35:32 GMT 2009";12.50507662027888;11.917428716958256

"Fri Jan 30 16:45:32 GMT 2009";12.119942999087774;12.54529141078229

"Fri Jan 30 16:55:32 GMT 2009";11.53145333286476;12.905055750607053

"Fri Jan 30 17:05:32 GMT 2009";10.740863905349588;13.046962779574399

"Fri Jan 30 17:15:32 GMT 2009";9.75847244771953;13.013528945858301

"Fri Jan 30 17:25:32 GMT 2009";8.602766606249112;12.840632398951513

"Fri Jan 30 17:35:32 GMT 2009";7.374641930982074;12.558453930351016

"Fri Jan 30 17:45:32 GMT 2009";6.451910539254717;12.192291416480883

"Fri Jan 30 17:55:32 GMT 2009";5.434041629337789;11.763264224866912

"Fri Jan 30 18:05:32 GMT 2009";4.473185945293111;11.288921948075032

"Fri Jan 30 18:15:32 GMT 2009";4.175875380882198;10.783769996515078

"Fri Jan 30 18:25:32 GMT 2009";3.8452706576085296;10.25972297820201

"Fri Jan 30 18:35:32 GMT 2009";3.4917361760953076;9.726495392337174

"Fri Jan 30 18:45:32 GMT 2009";3.2020155152486214;9.191937939005514

"Fri Jan 30 18:55:32 GMT 2009";3.334418330657802;8.662326677368792

"Fri Jan 30 19:05:32 GMT 2009";3.464347167453402;8.142611330186392

"Fri Jan 30 19:15:32 GMT 2009";3.5908429458997544;7.636628216400982

"Fri Jan 30 19:25:32 GMT 2009";3.7131793547318654;7.147282581072538

"Fri Jan 30 19:35:32 GMT 2009";3.830823882460789;6.676704470156844

"Fri Jan 30 19:45:32 GMT 2009";3.943404561218128;6.226381755127488

"Fri Jan 30 19:55:32 GMT 2009";4.050681640180697;5.797273439277214

"Fri Jan 30 20:05:32 GMT 2009";4.152523508753693;5.3899059649852274

"Fri Jan 30 20:15:32 GMT 2009";4.248886279585086;5.0044548816596555

"Fri Jan 30 20:25:32 GMT 2009";4.339796519804425;4.640813920782301

"Fri Jan 30 20:35:32 GMT 2009";4.4253366870921536;4.298653251631386

"Fri Jan 30 20:45:32 GMT 2009";4.505632886567841;3.977468453728637

"Fri Jan 30 20:55:32 GMT 2009";4.580844616160632;3.676621535357473

"Fri Jan 30 21:05:32 GMT 2009";4.651156213071081;3.395375147715676

"Fri Jan 30 21:15:32 GMT 2009";4.716769753008469;3.1329209879661244

"Fri Jan 30 21:25:32 GMT 2009";4.7778991878411405;2.8884032486354383

"Fri Jan 30 21:35:32 GMT 2009";4.834765536784876;2.6609378528604952

"Fri Jan 30 21:45:32 GMT 2009";4.887592971848636;2.4496281126054567

"Fri Jan 30 21:55:32 GMT 2009";4.9366056604589215;2.2535773581643133

"Fri Jan 30 22:05:32 GMT 2009";4.982025247430907;2.071899010276373

"Fri Jan 30 22:15:32 GMT 2009";5.024068875128497;1.9037244994860105

"Fri Jan 30 22:25:32 GMT 2009";5.062947655089687;1.7482093796412526

"Fri Jan 30 22:35:32 GMT 2009";5.09886551688048;1.6045379324780802

"Fri Jan 30 22:45:32 GMT 2009";5.132018370732529;1.4719265170698868

"Fri Jan 30 22:55:32 GMT 2009";5.1625935298400325;1.3496258806398713

"Fri Jan 30 23:05:32 GMT 2009";5.19076934623256;1.2369226150697596

"Fri Jan 30 23:15:32 GMT 2009";5.216715021071199;1.133139915715205

"Fri Jan 30 23:25:32 GMT 2009";5.240590556183238;1.0376377752670463

"Fri Jan 30 23:35:32 GMT 2009";5.262546818782239;0.9498127248710452

"Fri Jan 30 23:45:32 GMT 2009";5.282725695728981;0.869097217084077

"Fri Jan 30 23:55:32 GMT 2009";5.301260317469876;0.7949587301204966

"Sat Jan 31 00:05:32 GMT 2009";5.318275335028353;0.7268986598865871

"Sat Jan 31 00:15:32 GMT 2009";5.333887236194712;0.6644510552211546

"Sat Jan 31 00:25:32 GMT 2009";5.477834319069408;0.6071812423012527

"Sat Jan 31 00:35:32 GMT 2009";5.620588165261374;0.5546843761122673

"Sat Jan 31 00:45:32 GMT 2009";5.762242901382131;0.5065839500270336

"Sat Jan 31 00:55:32 GMT 2009";5.902885946352688;0.4625302887236836

"Sat Jan 31 01:05:32 GMT 2009";6.042598386990607;0.422199044750892

"Sat Jan 31 01:15:32 GMT 2009";6.23701090459645;0.38528971489579317

"Sat Jan 31 01:25:32 GMT 2009";6.430637471272965;0.3515241890167067

"Sat Jan 31 01:35:32 GMT 2009";6.623542368465406;0.32064534107391535

"Sat Jan 31 01:45:32 GMT 2009";6.8157849714643;0.2924156696466167

"Sat Jan 31 01:55:32 GMT 2009";7.007420075784394;0.2666159931932127

"Sat Jan 31 02:05:32 GMT 2009";7.198498208381575;0.24304420363146584

"Sat Jan 31 02:15:32 GMT 2009";7.38906592432243;0.22151408043631945

"Sat Jan 31 02:25:32 GMT 2009";7.579166088056316;0.20185416632774722

"Sat Jan 31 02:35:32 GMT 2009";7.768838138666967;0.18390670471211665

"Sat Jan 31 02:45:32 GMT 2009";7.958118340408831;0.16752663831293468

"Sat Jan 31 02:55:32 GMT 2009";8.13270652952045;0.2099146226934323

"Sat Jan 31 03:05:32 GMT 2009";8.296737817742727;0.2945302106313011

"Sat Jan 31 03:15:32 GMT 2009";8.449571843288817;0.42393484901521516

"Sat Jan 31 03:25:32 GMT 2009";8.595023987490032;0.582867013037332

"Sat Jan 31 03:35:32 GMT 2009";8.75015856128631;0.7030694586791912

"Sat Jan 31 03:45:32 GMT 2009";8.894401197072861;0.8668396561012576

"Sat Jan 31 03:55:32 GMT 2009";9.031794047661823;1.0580089945723796

"Sat Jan 31 04:05:32 GMT 2009";9.181835933654725;1.1985821914277601

"Sat Jan 31 04:15:32 GMT 2009";9.320892069497432;1.3830983886252026

"Sat Jan 31 04:25:32 GMT 2009";9.45326472641974;1.5943485017629415

"Sat Jan 31 04:35:32 GMT 2009";9.600809595630553;1.7449097657466608

"Sat Jan 31 04:45:32 GMT 2009";9.736966148159539;1.9410242961989905

"Sat Jan 31 04:55:32 GMT 2009";9.866328211437612;2.16431678391368

"Sat Jan 31 05:05:32 GMT 2009";10.013073237683333;2.318077419757773

"Sat Jan 31 05:15:32 GMT 2009";10.147798255966041;2.519918087195208

"Sat Jan 31 05:25:32 GMT 2009";10.2754157046194;2.750189033408739

"Sat Jan 31 05:35:32 GMT 2009";10.42241521354421;2.9029317385364766

"Sat Jan 31 05:45:32 GMT 2009";10.556599398240703;3.1069357403187916

"Sat Jan 31 05:55:32 GMT 2009";10.653736736108776;3.4591271296734694

"Sat Jan 31 06:05:32 GMT 2009";10.751076636465354;3.810508269074124

"Sat Jan 31 06:15:32 GMT 2009";10.846289329066542;4.170398239237651

"Sat Jan 31 06:25:32 GMT 2009";10.943040787999237;4.524133144333844

"Sat Jan 31 06:35:32 GMT 2009";11.012743649395858;4.882358735749895

"Sat Jan 31 06:45:32 GMT 2009";10.981159352688755;5.230918144748794

"Sat Jan 31 06:55:32 GMT 2009";10.981913736565613;5.450122831489461

"Sat Jan 31 07:05:32 GMT 2009";11.009074766372715;5.56370093450915

"Sat Jan 31 07:15:32 GMT 2009";11.057614776813057;5.591763114918259

"Sat Jan 31 07:25:32 GMT 2009";11.079766544654953;5.680933821380185

"Sat Jan 31 07:35:32 GMT 2009";11.047894619421987;5.808421522312051

"Sat Jan 31 07:45:32 GMT 2009";11.03879324538304;5.8448270184678375

"Sat Jan 31 07:55:32 GMT 2009";11.047954186003931;5.808183255984277

"Sat Jan 31 08:05:32 GMT 2009";11.071576805425078;5.7136927782996905

"Sat Jan 31 08:15:32 GMT 2009";11.106467503276992;5.574129986892033

"Sat Jan 31 08:25:32 GMT 2009";11.149952690388238;5.400189238447045

"Sat Jan 31 08:35:32 GMT 2009";11.199803541556523;5.200785833773907

"Sat Jan 31 08:45:32 GMT 2009";11.220935107493947;5.1162595700242095

"Sat Jan 31 08:55:32 GMT 2009";11.221339310859902;5.11464275656039

"Sat Jan 31 09:05:32 GMT 2009";11.236029910254894;5.055880358980425

"Sat Jan 31 09:15:32 GMT 2009";11.261949164606385;4.952203341574459

"Sat Jan 31 09:25:32 GMT 2009";11.296532278684648;4.813870885261405

"Sat Jan 31 09:35:32 GMT 2009";11.337636413468768;4.64945434612493

"Sat Jan 31 09:45:32 GMT 2009";11.349439305112622;4.602242779549513

"Sat Jan 31 09:55:32 GMT 2009";11.34021395134918;4.6391441946032845

"Sat Jan 31 10:05:32 GMT 2009";11.345888967840946;4.616444128636221

"Sat Jan 31 10:15:32 GMT 2009";11.363383605578717;4.546465577685133

"Sat Jan 31 10:25:32 GMT 2009";11.390108079314562;4.43956768274175

"Sat Jan 31 10:35:32 GMT 2009";11.423893260064713;4.304426959741152

"Sat Jan 31 10:45:32 GMT 2009";11.462929876358338;4.148280494566651

"Sat Jan 31 10:55:32 GMT 2009";11.47094479263802;4.116220829447918

"Sat Jan 31 11:05:32 GMT 2009";11.45665503932161;4.173379842713556

"Sat Jan 31 11:15:32 GMT 2009";11.456982637717182;4.1720694491312695

"Sat Jan 31 11:25:32 GMT 2009";11.46896423213691;4.124143071452361

"Sat Jan 31 11:35:32 GMT 2009";11.490105522352344;4.039577910590625

"Sat Jan 31 11:45:32 GMT 2009";11.51831431906028;3.926742723758875

"Sat Jan 31 11:55:32 GMT 2009";11.551842635565368;3.7926294577385264

"Sat Jan 31 12:05:32 GMT 2009";11.485532933033971;3.6430534529285734

"Sat Jan 31 12:15:32 GMT 2009";11.395960083621619;3.4828263321802

"Sat Jan 31 12:25:32 GMT 2009";11.30806074642885;3.3159051623723874

"Sat Jan 31 12:35:32 GMT 2009";11.221027153170477;3.145521016826998

"Sat Jan 31 12:45:32 GMT 2009";11.134205361585975;2.9742896647672206

"Sat Jan 31 12:55:32 GMT 2009";11.002627012978369;2.8043067628668443

"Sat Jan 31 13:05:32 GMT 2009";10.859211114189531;2.637229617195224

"Sat Jan 31 13:15:32 GMT 2009";10.714746504349513;2.474347315987014

"Sat Jan 31 13:25:32 GMT 2009";10.568987948190424;2.316640799796403

"Sat Jan 31 13:35:32 GMT 2009";10.421754405063387;2.164834231477575

"Sat Jan 31 13:45:32 GMT 2009";10.272918065207572;2.0194388503325675

"Sat Jan 31 13:55:32 GMT 2009";10.12239500772848;1.880790339421956

"Sat Jan 31 14:05:32 GMT 2009";9.970137257482733;1.749080599577972

"Sat Jan 31 14:15:32 GMT 2009";9.816126045837684;1.6243847055898892

"Sat Jan 31 14:25:32 GMT 2009";9.660366107739556;1.5066837171554321

"Sat Jan 31 14:35:32 GMT 2009";9.502880869925164;1.3958839275860295

"Sat Jan 31 14:45:32 GMT 2009";9.34370840286924;1.2918330552414459

"Sat Jan 31 14:55:32 GMT 2009";9.182898027778254;1.1943338147784188

"Sat Jan 31 15:05:32 GMT 2009";9.020507484706028;1.1031552462403482

"Sat Jan 31 15:15:32 GMT 2009";8.856600578956845;1.0180421286688022

"Sat Jan 31 15:25:32 GMT 2009";8.69124523584306;0.9387227602969657

"Sat Jan 31 15:35:32 GMT 2009";8.52451190355354;0.864915348628076

"Sat Jan 31 15:45:32 GMT 2009";8.356472250553345;0.796333220060583

"Sat Jan 31 15:55:32 GMT 2009";8.18719811297839;0.7326890295334294

"Sat Jan 31 16:05:32 GMT 2009";8.016760653814652;0.6736981253614072

"Sat Jan 31 16:15:32 GMT 2009";7.845229699386977;0.6190812025038341

"Sat Jan 31 16:25:32 GMT 2009";7.672673225174189;0.5685663585280097

"Sat Jan 31 16:35:32 GMT 2009";7.499156967073121;0.5218906501053062

"Sat Jan 31 16:45:32 GMT 2009";7.3247441360374514;0.4788012336797147

"Sat Jan 31 16:55:32 GMT 2009";7.149495218828878;0.4390561616870312

"Sat Jan 31 17:05:32 GMT 2009";6.973467850263766;0.4024248951205027

"Sat Jan 31 17:15:32 GMT 2009";6.7967167428726984;0.36868858411650585

"Sat Jan 31 17:25:32 GMT 2009";6.619293663600619;0.3376401603778442

"Sat Jan 31 17:35:32 GMT 2009";6.441247448864659;0.30908427849470915

"Sat Jan 31 17:45:32 GMT 2009";6.26262404899191;0.28283713741743366

"Sat Jan 31 17:55:32 GMT 2009";6.08346659605117;0.2587262083534186

"Sat Jan 31 18:05:32 GMT 2009";5.903815490159543;0.23658989109295586

"Sat Jan 31 18:15:32 GMT 2009";5.723708498511389;0.21627711711729358

"Sat Jan 31 18:25:32 GMT 2009";5.672810493547694;0.19764691472398188

"Sat Jan 31 18:35:32 GMT 2009";5.621524679479912;0.18056794874701837

"Sat Jan 31 18:45:32 GMT 2009";5.569881599827149;0.16491804518758602

"Sat Jan 31 18:55:32 GMT 2009";5.517909628273857;0.15058370915266425

"Sat Jan 31 19:05:32 GMT 2009";5.465635089281661;0.1374596428733576

"Sat Jan 31 19:15:32 GMT 2009";5.468637932699431;0.1254482692022753

"Sat Jan 31 19:25:32 GMT 2009";5.471385183790994;0.11445926483602639

"Sat Jan 31 19:35:32 GMT 2009";5.4738977233655195;0.10440910653792371

"Sat Jan 31 19:45:32 GMT 2009";5.476194841792987;0.09522063282805096

"Sat Jan 31 19:55:32 GMT 2009";5.47829434426638;0.08682262293448126

"Sat Jan 31 20:05:32 GMT 2009";5.480212651439601;0.07914939424159789

"Sat Jan 31 20:15:32 GMT 2009";5.481964895246591;0.07214041901363599

"Sat Jan 31 20:25:32 GMT 2009";5.483565009800489;0.06573996079804419

"Sat Jan 31 20:35:32 GMT 2009";5.485025817347712;0.059896730609149365

"Sat Jan 31 20:45:32 GMT 2009";5.486359109312314;0.05456356275074546

"Sat Jan 31 20:55:32 GMT 2009";5.487575722514036;0.049697109943857995

"Sat Jan 31 21:05:32 GMT 2009";5.488685610680744;0.04525755727702656

"Sat Jan 31 21:15:32 GMT 2009";5.489697911404627;0.04120835438149055

"Sat Jan 31 21:25:32 GMT 2009";5.490621008712091;0.037515965151638284

"Sat Jan 31 21:35:32 GMT 2009";5.491462591432498;0.03414963427000749

"Sat Jan 31 21:45:32 GMT 2009";5.492229707560537;0.031081169757851558

"Sat Jan 31 21:55:32 GMT 2009";5.492928814812395;0.028284740750418636

"Sat Jan 31 22:05:32 GMT 2009";5.493565827578526;0.02573668968589681

"Sat Jan 31 22:15:32 GMT 2009";5.49414616047478;0.023415358100880454

"Sat Jan 31 22:25:32 GMT 2009";5.494674768691462;0.02130092523415067

"Sat Jan 31 22:35:32 GMT 2009";5.4951561853351345;0.019375258659461797

"Sat Jan 31 22:45:32 GMT 2009";5.495594555952521;0.017621776189914794

"Sat Jan 31 22:55:32 GMT 2009";5.49599367041911;0.016025318323561653

"Sat Jan 31 23:05:32 GMT 2009";5.496356992367699;0.014572030529203792

"Sat Jan 31 23:15:32 GMT 2009";5.496687686324326;0.013249254702696087

"Sat Jan 31 23:25:32 GMT 2009";5.496988642710852;0.012045429156594754

"Fri Jan 30 11:08:43 GMT 2009";5.5;0.0

"Fri Jan 30 10:59:11 GMT 2009";5.5;0.0

"Fri Jan 30 11:09:11 GMT 2009";5.5;0.0

"Fri Jan 30 11:19:11 GMT 2009";5.5;0.0

"Fri Jan 30 11:29:11 GMT 2009";5.5;0.0

"Fri Jan 30 11:39:11 GMT 2009";5.5;0.0

"Fri Jan 30 11:49:11 GMT 2009";5.5;0.0

"Fri Jan 30 11:59:11 GMT 2009";5.5;0.0

"Fri Jan 30 12:09:11 GMT 2009";5.5;0.0

"Fri Jan 30 12:19:11 GMT 2009";5.5;0.0

"Fri Jan 30 12:29:11 GMT 2009";5.5;0.0

"Fri Jan 30 12:39:11 GMT 2009";5.5;0.0

"Fri Jan 30 12:49:11 GMT 2009";5.5;0.0

"Fri Jan 30 12:59:11 GMT 2009";5.5;0.0

"Fri Jan 30 13:09:11 GMT 2009";5.5;0.0

"Fri Jan 30 13:19:11 GMT 2009";5.5;0.0

"Fri Jan 30 13:29:11 GMT 2009";5.5;0.0

"Fri Jan 30 13:39:11 GMT 2009";5.5;0.0

"Fri Jan 30 13:49:11 GMT 2009";5.5;0.0

"Fri Jan 30 13:59:11 GMT 2009";5.5;0.0

"Fri Jan 30 14:09:11 GMT 2009";5.5;0.0

"Fri Jan 30 14:19:11 GMT 2009";5.5;0.0

"Fri Jan 30 14:29:11 GMT 2009";5.5;0.0

"Fri Jan 30 14:39:11 GMT 2009";5.5;0.0

"Fri Jan 30 14:49:11 GMT 2009";5.5;0.0

"Fri Jan 30 14:59:11 GMT 2009";5.5;0.0

"Fri Jan 30 15:09:11 GMT 2009";5.5;0.0

"Fri Jan 30 15:19:11 GMT 2009";5.5;0.0

"Fri Jan 30 15:29:11 GMT 2009";5.5;0.0

"Fri Jan 30 15:39:11 GMT 2009";5.5;0.0

"Fri Jan 30 15:49:11 GMT 2009";5.5;0.0

"Fri Jan 30 15:59:11 GMT 2009";5.5;0.0

"Fri Jan 30 16:09:11 GMT 2009";5.5;0.0

"Fri Jan 30 16:19:11 GMT 2009";5.5;0.0

"Fri Jan 30 16:29:11 GMT 2009";5.5;0.0

"Fri Jan 30 16:39:11 GMT 2009";5.5;0.0

"Fri Jan 30 16:49:11 GMT 2009";5.5;0.0

"Fri Jan 30 16:59:11 GMT 2009";5.5;0.0

"Fri Jan 30 17:09:11 GMT 2009";5.5;0.0

"Fri Jan 30 17:19:11 GMT 2009";5.5;0.0

"Fri Jan 30 17:29:11 GMT 2009";5.5;0.0

"Fri Jan 30 17:39:11 GMT 2009";5.5;0.0

"Fri Jan 30 17:49:11 GMT 2009";5.5;0.0

"Fri Jan 30 17:59:11 GMT 2009";5.5;0.0

"Fri Jan 30 18:09:11 GMT 2009";5.5;0.0

"Fri Jan 30 18:19:11 GMT 2009";5.5;0.0

"Fri Jan 30 18:29:11 GMT 2009";5.5;0.0

"Fri Jan 30 18:39:11 GMT 2009";5.5;0.0

"Fri Jan 30 18:49:11 GMT 2009";5.5;0.0

"Fri Jan 30 18:59:11 GMT 2009";5.5;0.0

"Fri Jan 30 19:09:11 GMT 2009";5.5;0.0

"Fri Jan 30 19:19:11 GMT 2009";5.5;0.0

"Fri Jan 30 19:29:11 GMT 2009";5.5;0.0

"Fri Jan 30 19:39:11 GMT 2009";5.5;0.0

"Fri Jan 30 19:49:11 GMT 2009";5.5;0.0

"Fri Jan 30 19:59:11 GMT 2009";5.5;0.0

"Fri Jan 30 20:09:11 GMT 2009";5.5;0.0

"Fri Jan 30 20:19:11 GMT 2009";5.5;0.0

"Fri Jan 30 20:29:11 GMT 2009";5.5;0.0

"Fri Jan 30 20:39:11 GMT 2009";5.5;0.0

"Fri Jan 30 20:49:11 GMT 2009";5.5;0.0

"Fri Jan 30 20:59:11 GMT 2009";5.5;0.0

"Fri Jan 30 21:09:11 GMT 2009";5.7333333333604966;0.0

"Fri Jan 30 21:19:11 GMT 2009";5.966666666639503;0.0

"Fri Jan 30 21:29:11 GMT 2009";6.2;0.0

"Fri Jan 30 21:39:11 GMT 2009";6.433333333360497;0.0

"Fri Jan 30 21:49:11 GMT 2009";6.666666666639503;0.0

"Fri Jan 30 21:59:11 GMT 2009";7.000000000011641;0.0

"Fri Jan 30 22:09:11 GMT 2009";7.333333333383781;0.0

"Fri Jan 30 22:19:11 GMT 2009";7.666666666639504;0.0

"Fri Jan 30 22:29:11 GMT 2009";7.7376393039139595;1.0494427843907306

"Fri Jan 30 22:39:11 GMT 2009";7.6213802673513;2.847812264129923

"Fri Jan 30 22:49:11 GMT 2009";7.604153427802686;4.250052955347272

"Fri Jan 30 22:59:11 GMT 2009";7.669846288745032;5.320614845066441

"Fri Jan 30 23:09:11 GMT 2009";7.804676995979087;6.114625349618774

"Fri Jan 30 23:19:11 GMT 2009";7.983440477560151;6.732904756317408

"Fri Jan 30 23:29:11 GMT 2009";8.199954364277186;7.200182542937821

"Fri Jan 30 23:39:11 GMT 2009";8.44460709231167;7.5549049642884425

"Fri Jan 30 23:49:11 GMT 2009";8.713841216622146;7.811301800069433

"Fri Jan 30 23:59:11 GMT 2009";8.999260239843238;8.002959040673618

"Sat Jan 31 00:09:11 GMT 2009";9.29948667280135;8.135386642329719

"Sat Jan 31 00:19:11 GMT 2009";9.607118742842339;8.23819169518866

"Sat Jan 31 00:29:11 GMT 2009";9.898609452421898;8.405562190358976

"Sat Jan 31 00:39:11 GMT 2009";10.199979489909772;8.533415373896029

"Sat Jan 31 00:49:11 GMT 2009";10.504391648747953;8.649100071566195

"Sat Jan 31 00:59:11 GMT 2009";10.7843686651772;8.86252533933777

"Sat Jan 31 01:09:11 GMT 2009";11.042179426248907;9.164615628539497

"Sat Jan 31 01:19:11 GMT 2009";11.28014384946289;9.54609126870645

"Sat Jan 31 01:29:11 GMT 2009";11.500570689025084;9.997717243946234

"Sat Jan 31 01:39:11 GMT 2009";11.705707848533716;10.510501939400257

"Sat Jan 31 01:49:11 GMT 2009";11.897703853918873;11.07585125088252

"Sat Jan 31 01:59:11 GMT 2009";12.078579152369002;11.685683390570556

"Sat Jan 31 02:09:11 GMT 2009";11.783539278232093;12.33250955372278

"Sat Jan 31 02:19:11 GMT 2009";11.520317522066108;12.852063245177563

"Sat Jan 31 02:29:11 GMT 2009";11.319499633952685;13.122001464235833

"Sat Jan 31 02:39:11 GMT 2009";11.169208599037297;13.189832270501952

"Sat Jan 31 02:49:11 GMT 2009";11.059404454950897;13.095715513638398

"Sat Jan 31 02:59:11 GMT 2009";10.781625149642464;12.873499401383576

"Sat Jan 31 03:09:11 GMT 2009";10.528762139074813;12.551618110165634

"Sat Jan 31 03:19:11 GMT 2009";10.294866211469852;12.15386848756258

"Sat Jan 31 03:29:11 GMT 2009";10.074979600003058;11.700081599941196

"Sat Jan 31 03:39:11 GMT 2009";9.864990948980179;11.206702870544165

"Sat Jan 31 03:49:11 GMT 2009";9.661510134021;10.687292797357985

"Sat Jan 31 03:59:11 GMT 2009";9.46176032374445;10.152958704975635

"Sat Jan 31 04:09:11 GMT 2009";9.263485005891848;9.612726642897481

"Sat Jan 31 04:19:11 GMT 2009";9.064867990803538;9.073861370227831

"Sat Jan 31 04:29:11 GMT 2009";8.864464664384068;8.54214134241717

"Sat Jan 31 04:39:11 GMT 2009";8.661142986345988;8.022094721080931

"Sat Jan 31 04:49:11 GMT 2009";8.454032921663355;7.517201646788573

"Sat Jan 31 04:59:11 GMT 2009";8.242483166773324;7.030067332860134

"Sat Jan 31 05:09:11 GMT 2009";8.026024180817622;6.562569943194398

"Sat Jan 31 05:19:11 GMT 2009";7.804336658840011;6.115986698081949

"Sat Jan 31 05:29:11 GMT 2009";7.5772247001666715;5.691101199286753

"Sat Jan 31 05:39:11 GMT 2009";7.344593023852818;5.288294571053605

"Sat Jan 31 05:49:11 GMT 2009";7.106427665912183;4.907622669793252

"Sat Jan 31 05:59:11 GMT 2009";6.862779671084673;4.548881315614739

"Sat Jan 31 06:09:11 GMT 2009";6.6137513571163336;4.211661237999542

"Sat Jan 31 06:19:11 GMT 2009";6.359484783149636;3.89539420084344

"Sat Jan 31 06:29:11 GMT 2009";6.100152106354472;3.599391574535549

"Sat Jan 31 06:39:11 GMT 2009";5.835947553880958;3.322876450941047

"Sat Jan 31 06:49:11 GMT 2009";5.567080771403884;3.0650102478264545

"Sat Jan 31 06:59:11 GMT 2009";5.293771345104762;2.824914619534382

"Sat Jan 31 07:09:11 GMT 2009";5.24957765545811;2.6016893780744295

"Sat Jan 31 07:19:11 GMT 2009";5.2013932422374305;2.3944270310502818

"Sat Jan 31 07:29:11 GMT 2009";5.149443885470077;2.2022244580731294

"Sat Jan 31 07:39:11 GMT 2009";5.093951956515642;2.0241921738442974

"Sat Jan 31 07:49:11 GMT 2009";5.035134609384522;1.8594615624619142

"Sat Jan 31 07:59:11 GMT 2009";5.073202396889954;1.7071904124401853

"Sat Jan 31 08:09:11 GMT 2009";5.108358241422328;1.5665670343106861

"Sat Jan 31 08:19:11 GMT 2009";5.140796699617268;1.4368132015309265

"Sat Jan 31 08:29:11 GMT 2009";5.1707034700235;1.3171861199060004

"Sat Jan 31 08:39:11 GMT 2009";5.198255099975779;1.2069796000968833

"Sat Jan 31 08:49:11 GMT 2009";5.223618854650901;1.1055245813963939

"Sat Jan 31 08:59:11 GMT 2009";5.246952716939986;1.0121891322400558

"Sat Jan 31 09:09:11 GMT 2009";5.268405491651058;0.9263780333957667

"Sat Jan 31 09:19:11 GMT 2009";5.2881169917466675;0.8475320330133284

"Sat Jan 31 09:29:11 GMT 2009";5.306218287913568;0.7751268483457279

"Sat Jan 31 09:39:11 GMT 2009";5.322832005836791;0.7086719766528372

"Sat Jan 31 09:49:11 GMT 2009";5.338072658178593;0.6477093672856302

"Sat Jan 31 09:59:11 GMT 2009";5.35204700050501;0.5918119979799602

"Sat Jan 31 10:09:11 GMT 2009";5.364854402311517;0.5405823907539313

"Sat Jan 31 10:19:11 GMT 2009";5.376587225921547;0.49365109631381193

"Sat Jan 31 10:29:11 GMT 2009";5.387331207405964;0.4506751703761445

"Sat Jan 31 10:39:11 GMT 2009";5.397165834834077;0.41133666066369445

"Sat Jan 31 10:49:11 GMT 2009";5.406164720145982;0.3753411194160693

"Sat Jan 31 10:59:11 GMT 2009";5.414395961759201;0.3424161529631942

"Sat Jan 31 11:09:11 GMT 2009";5.421922495710922;0.3123100171563104

"Sat Jan 31 11:19:11 GMT 2009";5.42880243371155;0.2847902651538003

"Sat Jan 31 11:29:11 GMT 2009";5.435089386960915;0.2596424521563381

"Sat Jan 31 11:39:11 GMT 2009";5.440832774971187;0.23666890011525094

"Sat Jan 31 11:49:11 GMT 2009";5.446078118962091;0.21568752415163764

"Sat Jan 31 11:59:11 GMT 2009";5.450867319655278;0.19653072137888997

"Sat Jan 31 12:09:11 GMT 2009";5.4552389195051365;0.17904432197945364

"Sat Jan 31 12:19:11 GMT 2009";5.459228349570569;0.1630866017177227

